{"textures":{"0":"modelengine:entity/passaro"},"elements":[{"from":[1.8285708,5.3714285,7.0857143],"to":[5.942857,10.857143,8.914286],"rotation":{"angle":0.0,"axis":"y","origin":[8.0,5.142857,8.0]},"faces":{"east":{"uv":[0.72156864,0.0,0.76862746,0.19672132],"rotation":0,"texture":"#0","tintindex":0},"south":{"uv":[15.93985,3.2,16.0,12.8],"rotation":0,"texture":"#0","tintindex":0},"north":{"uv":[1.9248121,3.2,4.0902257,12.8],"rotation":0,"texture":"#0","tintindex":0},"west":{"uv":[0.72156864,0.0,0.76862746,0.19672132],"rotation":0,"texture":"#0","tintindex":0},"up":{"uv":[13.413534,4.0,14.015038,7.2],"rotation":0,"texture":"#0","tintindex":0},"down":{"uv":[15.93985,12.8,16.0,16.0],"rotation":0,"texture":"#0","tintindex":0}}}],"display":{"head":{"translation":[0.0,-6.4,0.0],"scale":[4.0,4.0,4.0]}}}