{"textures":{"0":"modelengine:entity/passaro"},"elements":[{"from":[7.142857,8.0,7.142857],"to":[8.857143,11.428572,8.857143],"rotation":{"angle":0.0,"axis":"y","origin":[8.0,7.142857,9.714286]},"faces":{"east":{"uv":[0.120300755,2.2,0.30075186,3.4],"rotation":0,"texture":"#0","tintindex":0},"south":{"uv":[0.6616541,2.2,0.84210527,3.4],"rotation":0,"texture":"#0","tintindex":0},"north":{"uv":[0.30075186,2.2,0.48120302,3.4],"rotation":0,"texture":"#0","tintindex":0},"west":{"uv":[0.48120302,2.2,0.6616541,3.4],"rotation":0,"texture":"#0","tintindex":0},"up":{"uv":[0.48120302,2.2,0.30075186,1.6],"rotation":0,"texture":"#0","tintindex":0},"down":{"uv":[0.6616541,1.6,0.48120302,2.2],"rotation":0,"texture":"#0","tintindex":0}}}],"display":{"head":{"translation":[0.0,-6.4,0.0],"scale":[4.0,4.0,4.0]}}}