{"textures":{"0":"modelengine:entity/passaro"},"elements":[{"from":[-2.9714298,8.228572,7.0857143],"to":[-2.285715,13.714286,8.914286],"rotation":{"angle":0.0,"axis":"y","origin":[8.0,8.0,8.0]},"faces":{"east":{"uv":[14.857142,0.0,14.556391,1.6],"rotation":0,"texture":"#0","tintindex":0},"south":{"uv":[14.857142,0.0,14.556391,1.6],"rotation":0,"texture":"#0","tintindex":0},"north":{"uv":[14.857142,0.0,14.556391,1.6],"rotation":0,"texture":"#0","tintindex":0},"west":{"uv":[14.857142,0.0,14.556391,1.6],"rotation":0,"texture":"#0","tintindex":0},"up":{"uv":[14.857142,0.0,14.556391,1.6],"rotation":0,"texture":"#0","tintindex":0},"down":{"uv":[14.857142,0.0,14.556391,1.6],"rotation":0,"texture":"#0","tintindex":0}}}],"display":{"head":{"translation":[0.0,-6.4,0.0],"scale":[4.0,4.0,4.0]}}}