{"textures":{"0":"modelengine:entity/passaro"},"elements":[{"from":[7.428571,7.142857,7.428571],"to":[8.571428,8.857143,8.571428],"rotation":{"angle":0.0,"axis":"y","origin":[8.0,3.2571425,9.6]},"faces":{"east":{"uv":[0.120300755,0.8,0.24060151,1.4],"rotation":0,"texture":"#0","tintindex":0},"south":{"uv":[0.48120302,0.8,0.60150373,1.4],"rotation":0,"texture":"#0","tintindex":0},"north":{"uv":[0.24060151,0.8,0.36090225,1.4],"rotation":0,"texture":"#0","tintindex":0},"west":{"uv":[0.36090225,0.8,0.48120302,1.4],"rotation":0,"texture":"#0","tintindex":0},"up":{"uv":[0.36090225,0.8,0.24060151,0.4],"rotation":0,"texture":"#0","tintindex":0},"down":{"uv":[0.48120302,0.4,0.36090225,0.8],"rotation":0,"texture":"#0","tintindex":0}}},{"from":[7.428571,8.857143,6.285714],"to":[8.571428,9.428572,8.571428],"rotation":{"angle":0.0,"axis":"y","origin":[8.0,3.2571425,9.6]},"faces":{"east":{"uv":[0.60150373,0.8,0.84210527,1.0],"rotation":0,"texture":"#0","tintindex":0},"south":{"uv":[1.2030075,0.8,1.3233082,1.0],"rotation":0,"texture":"#0","tintindex":0},"north":{"uv":[0.84210527,0.8,0.96240604,1.0],"rotation":0,"texture":"#0","tintindex":0},"west":{"uv":[0.96240604,0.8,1.2030075,1.0],"rotation":0,"texture":"#0","tintindex":0},"up":{"uv":[0.96240604,0.8,0.84210527,0.0],"rotation":0,"texture":"#0","tintindex":0},"down":{"uv":[1.0827068,0.0,0.96240604,0.8],"rotation":0,"texture":"#0","tintindex":0}}},{"from":[7.714286,7.714286,6.9142857],"to":[8.285714,8.857143,7.4857144],"rotation":{"angle":0.0,"axis":"y","origin":[8.0,3.2571425,9.6]},"faces":{"east":{"uv":[0.6616541,1.6,0.7218045,2.0],"rotation":0,"texture":"#0","tintindex":0},"south":{"uv":[0.84210527,1.6,0.90225565,2.0],"rotation":0,"texture":"#0","tintindex":0},"north":{"uv":[0.7218045,1.6,0.7819549,2.0],"rotation":0,"texture":"#0","tintindex":0},"west":{"uv":[0.7819549,1.6,0.84210527,2.0],"rotation":0,"texture":"#0","tintindex":0},"up":{"uv":[0.7819549,1.6,0.7218045,1.4],"rotation":0,"texture":"#0","tintindex":0},"down":{"uv":[0.84210527,1.4,0.7819549,1.6],"rotation":0,"texture":"#0","tintindex":0}}},{"from":[7.714286,7.885714,6.342857],"to":[8.285714,8.857143,6.9142857],"rotation":{"angle":0.0,"axis":"y","origin":[8.0,3.2571425,9.6]},"faces":{"east":{"uv":[0.96240604,1.6,1.0225564,1.8],"rotation":0,"texture":"#0","tintindex":0},"south":{"uv":[1.1428572,1.6,1.2030075,1.8],"rotation":0,"texture":"#0","tintindex":0},"north":{"uv":[1.0225564,1.6,1.0827068,1.8],"rotation":0,"texture":"#0","tintindex":0},"west":{"uv":[1.0827068,1.6,1.1428572,1.8],"rotation":0,"texture":"#0","tintindex":0},"up":{"uv":[1.0827068,1.6,1.0225564,1.4],"rotation":0,"texture":"#0","tintindex":0},"down":{"uv":[1.1428572,1.4,1.0827068,1.6],"rotation":0,"texture":"#0","tintindex":0}}},{"from":[7.9714284,8.457143,6.8],"to":[8.028571,11.314286,9.085714],"rotation":{"angle":0.0,"axis":"y","origin":[8.0,3.2571425,9.6]},"faces":{"east":{"uv":[0.03137255,1.4426229,0.09411765,1.7704918],"rotation":0,"texture":"#0","tintindex":0},"south":{"uv":[0.17254902,1.5737705,0.1882353,1.7704918],"rotation":0,"texture":"#0","tintindex":0},"north":{"uv":[0.09411765,1.4426229,0.09411765,1.7704918],"rotation":0,"texture":"#0","tintindex":0},"west":{"uv":[0.09411765,1.4426229,0.15686275,1.7704918],"rotation":0,"texture":"#0","tintindex":0},"up":{"uv":[0.15686275,1.704918,0.17254902,1.4426229],"rotation":0,"texture":"#0","tintindex":0},"down":{"uv":[0.09411765,1.1803279,0.09411765,1.4426229],"rotation":0,"texture":"#0","tintindex":0}}}],"display":{"head":{"translation":[0.0,-6.4,0.0],"scale":[4.0,4.0,4.0]}}}