{"textures":{"0":"modelengine:entity/passaro"},"elements":[{"from":[7.142857,6.285714,7.428571],"to":[8.857143,8.571428,8.0],"rotation":{"angle":0.0,"axis":"y","origin":[8.0,6.342857,7.3142858]},"faces":{"east":{"uv":[1.3233082,0.4,1.3834586,1.2],"rotation":0,"texture":"#0","tintindex":0},"south":{"uv":[1.6240602,0.4,1.8045113,1.2],"rotation":0,"texture":"#0","tintindex":0},"north":{"uv":[1.3834586,0.4,1.5639098,1.2],"rotation":0,"texture":"#0","tintindex":0},"west":{"uv":[1.5639098,0.4,1.6240602,1.2],"rotation":0,"texture":"#0","tintindex":0},"up":{"uv":[1.5639098,0.4,1.3834586,0.2],"rotation":0,"texture":"#0","tintindex":0},"down":{"uv":[1.7443609,0.2,1.5639098,0.4],"rotation":0,"texture":"#0","tintindex":0}}}],"display":{"head":{"translation":[0.0,-6.4,0.0],"scale":[4.0,4.0,4.0]}}}