{"textures":{"0":"modelengine:entity/passaro"},"elements":[{"from":[7.714286,5.142857,7.142857],"to":[8.285714,8.0,8.857143],"rotation":{"angle":0.0,"axis":"y","origin":[8.857143,3.9428568,9.6]},"faces":{"east":{"uv":[1.1428572,2.2,1.3233082,3.2],"rotation":0,"texture":"#0","tintindex":0},"south":{"uv":[1.5639098,2.2,1.6240602,3.2],"rotation":0,"texture":"#0","tintindex":0},"north":{"uv":[1.3233082,2.2,1.3834586,3.2],"rotation":0,"texture":"#0","tintindex":0},"west":{"uv":[1.3834586,2.2,1.5639098,3.2],"rotation":0,"texture":"#0","tintindex":0},"up":{"uv":[1.3834586,2.2,1.3233082,1.6],"rotation":0,"texture":"#0","tintindex":0},"down":{"uv":[1.443609,1.6,1.3834586,2.2],"rotation":0,"texture":"#0","tintindex":0}}}],"display":{"head":{"translation":[0.0,-6.4,0.0],"scale":[4.0,4.0,4.0]}}}