{"elements":[{"from":[-4.4000006,15.440001,6.582857],"to":[1.2685714,21.108572,9.417143],"rotation":{"angle":0.0,"axis":"y","origin":[8.0,8.0,8.0]},"faces":{"south":{"uv":[6.8479996,0.8,6.3359995,2.4],"rotation":0,"texture":"#0","tintindex":0},"north":{"uv":[6.3359995,0.8,6.8479996,2.4],"rotation":0,"texture":"#0","tintindex":0},"up":{"uv":[6.8479996,0.8,6.3359995,0.0],"rotation":0,"texture":"#0","tintindex":0},"down":{"uv":[6.8479996,3.2,6.3359995,2.4],"rotation":0,"texture":"#0","tintindex":0}}},{"from":[-4.754286,17.21143,6.2285714],"to":[-0.5028572,21.462856,9.771429],"rotation":{"angle":0.0,"axis":"y","origin":[8.0,8.0,8.0]},"faces":{"east":{"uv":[0.0,10.6,0.016,10.65],"rotation":0,"texture":"#0","tintindex":0},"down":{"uv":[0.0,10.6,0.016,10.65],"rotation":0,"texture":"#0","tintindex":0}}},{"from":[1.6228571,21.462856,9.771429],"to":[-4.754286,15.085714,6.2285714],"rotation":{"angle":0.0,"axis":"y","origin":[8.0,8.0,8.0]},"faces":{"east":{"uv":[0.91199994,10.75,0.92800003,10.9],"rotation":0,"texture":"#0","tintindex":0},"south":{"uv":[0.88,10.75,0.92800003,10.9],"rotation":0,"texture":"#0","tintindex":0},"north":{"uv":[0.92800003,10.75,0.88,10.9],"rotation":0,"texture":"#0","tintindex":0},"west":{"uv":[0.0,10.6,0.016,10.65],"rotation":0,"texture":"#0","tintindex":0},"up":{"uv":[0.0,10.6,0.016,10.65],"rotation":0,"texture":"#0","tintindex":0},"down":{"uv":[0.88,10.9,0.92800003,10.85],"rotation":0,"texture":"#0","tintindex":0}}}],"textures":{"0":"modelengine:entity/castle"},"display":{"head":{"translation":[0.0,-6.4,0.0],"scale":[4.0,4.0,4.0]}}}