{"textures":{"0":"modelengine:entity/reibarro"},"elements":[{"from":[-4.5714293,29.599998,4.0],"to":[3.4285712,31.428572,10.285714],"rotation":{"angle":0.0,"axis":"y","origin":[8.0,4.8571415,8.0]},"faces":{"east":{"uv":[5.3125,2.125,6.0,2.3125],"rotation":0,"texture":"#0","tintindex":0},"south":{"uv":[7.5625,2.125,8.4375,2.3125],"rotation":0,"texture":"#0","tintindex":0},"north":{"uv":[6.0,2.125,6.875,2.3125],"rotation":0,"texture":"#0","tintindex":0},"west":{"uv":[6.875,2.125,7.5625,2.3125],"rotation":0,"texture":"#0","tintindex":0},"up":{"uv":[6.875,2.125,6.0,1.4375],"rotation":0,"texture":"#0","tintindex":0},"down":{"uv":[7.75,1.4375,6.875,2.125],"rotation":0,"texture":"#0","tintindex":0}}},{"from":[-8.57143,29.714285,4.5714283],"to":[-2.8571434,30.857143,9.714286],"rotation":{"angle":0.0,"axis":"y","origin":[-8.0,30.0,6.857143]},"faces":{"east":{"uv":[7.5625,7.8125,8.125,7.9375],"rotation":0,"texture":"#0","tintindex":0},"south":{"uv":[9.3125,7.8125,9.9375,7.9375],"rotation":0,"texture":"#0","tintindex":0},"north":{"uv":[8.125,7.8125,8.75,7.9375],"rotation":0,"texture":"#0","tintindex":0},"west":{"uv":[8.75,7.8125,9.3125,7.9375],"rotation":0,"texture":"#0","tintindex":0},"up":{"uv":[8.75,7.8125,8.125,7.25],"rotation":0,"texture":"#0","tintindex":0},"down":{"uv":[9.375,7.25,8.75,7.8125],"rotation":0,"texture":"#0","tintindex":0}}},{"from":[-8.0,30.857143,6.285714],"to":[-4.5714293,31.428572,8.0],"rotation":{"angle":0.0,"axis":"y","origin":[-8.0,30.0,6.857143]},"faces":{"east":{"uv":[4.5625,7.625,4.75,7.6875],"rotation":0,"texture":"#0","tintindex":0},"south":{"uv":[5.3125,7.625,5.6875,7.6875],"rotation":0,"texture":"#0","tintindex":0},"north":{"uv":[4.75,7.625,5.125,7.6875],"rotation":0,"texture":"#0","tintindex":0},"west":{"uv":[5.125,7.625,5.3125,7.6875],"rotation":0,"texture":"#0","tintindex":0},"up":{"uv":[5.125,7.625,4.75,7.4375],"rotation":0,"texture":"#0","tintindex":0},"down":{"uv":[5.5,7.4375,5.125,7.625],"rotation":0,"texture":"#0","tintindex":0}}},{"from":[-3.4285717,31.428572,5.142857],"to":[2.8571424,32.0,9.142858],"rotation":{"angle":0.0,"axis":"y","origin":[8.0,4.8571415,8.0]},"faces":{"east":{"uv":[6.875,3.6875,7.3125,3.75],"rotation":0,"texture":"#0","tintindex":0},"south":{"uv":[8.4375,3.6875,9.125,3.75],"rotation":0,"texture":"#0","tintindex":0},"north":{"uv":[7.3125,3.6875,8.0,3.75],"rotation":0,"texture":"#0","tintindex":0},"west":{"uv":[8.0,3.6875,8.4375,3.75],"rotation":0,"texture":"#0","tintindex":0},"up":{"uv":[8.0,3.6875,7.3125,3.25],"rotation":0,"texture":"#0","tintindex":0},"down":{"uv":[8.6875,3.25,8.0,3.6875],"rotation":0,"texture":"#0","tintindex":0}}}],"display":{"head":{"translation":[0.0,6.171434,0.0],"scale":[4.0,4.0,4.0]}}}