{"textures":{"0":"modelengine:entity/reibarro"},"elements":[{"from":[4.0,8.571428,3.7142854],"to":[6.857143,10.857143,4.8571424],"rotation":{"angle":0.0,"axis":"x","origin":[5.428571,9.714286,4.0]},"faces":{"east":{"uv":[5.625,1.625,5.5,1.875],"rotation":0,"texture":"#0","tintindex":0},"south":{"uv":[5.9375,1.625,5.625,1.875],"rotation":0,"texture":"#0","tintindex":0},"north":{"uv":[5.5,1.625,5.1875,1.875],"rotation":0,"texture":"#0","tintindex":0},"west":{"uv":[5.1875,1.625,5.0625,1.875],"rotation":0,"texture":"#0","tintindex":0},"up":{"uv":[5.1875,1.625,5.5,1.5],"rotation":0,"texture":"#0","tintindex":0},"down":{"uv":[5.5,1.5,5.8125,1.625],"rotation":0,"texture":"#0","tintindex":0}}},{"from":[9.142858,8.571428,3.7142854],"to":[12.0,10.857143,4.8571424],"rotation":{"angle":0.0,"axis":"x","origin":[10.571428,9.714286,4.0]},"faces":{"east":{"uv":[5.0625,1.625,5.1875,1.875],"rotation":0,"texture":"#0","tintindex":0},"south":{"uv":[5.625,1.625,5.9375,1.875],"rotation":0,"texture":"#0","tintindex":0},"north":{"uv":[5.1875,1.625,5.5,1.875],"rotation":0,"texture":"#0","tintindex":0},"west":{"uv":[5.5,1.625,5.625,1.875],"rotation":0,"texture":"#0","tintindex":0},"up":{"uv":[5.5,1.625,5.1875,1.5],"rotation":0,"texture":"#0","tintindex":0},"down":{"uv":[5.8125,1.5,5.5,1.625],"rotation":0,"texture":"#0","tintindex":0}}},{"from":[3.4285712,8.0,4.285714],"to":[12.571428,12.0,11.714286],"rotation":{"angle":0.0,"axis":"y","origin":[8.0,-13.1428585,9.428572]},"faces":{"east":{"uv":[5.125,0.8125,5.9375,1.25],"rotation":0,"texture":"#0","tintindex":0},"south":{"uv":[7.75,0.8125,8.75,1.25],"rotation":0,"texture":"#0","tintindex":0},"north":{"uv":[5.9375,0.8125,6.9375,1.25],"rotation":0,"texture":"#0","tintindex":0},"west":{"uv":[6.9375,0.8125,7.75,1.25],"rotation":0,"texture":"#0","tintindex":0},"up":{"uv":[6.9375,0.8125,5.9375,0.0],"rotation":0,"texture":"#0","tintindex":0},"down":{"uv":[7.9375,0.0,6.9375,0.8125],"rotation":0,"texture":"#0","tintindex":0}}}],"display":{"head":{"translation":[0.0,-6.4,0.0],"scale":[4.0,4.0,4.0]}}}