{"textures":{"0":"modelengine:entity/reibarro"},"elements":[{"from":[-2.8571434,9.428572,6.285714],"to":[3.4285712,10.0,10.285714],"rotation":{"angle":0.0,"axis":"y","origin":[-8.0,-17.142859,9.142858]},"faces":{"east":{"uv":[7.125,5.5625,7.5625,5.625],"rotation":0,"texture":"#0","tintindex":0},"south":{"uv":[8.6875,5.5625,9.375,5.625],"rotation":0,"texture":"#0","tintindex":0},"north":{"uv":[7.5625,5.5625,8.25,5.625],"rotation":0,"texture":"#0","tintindex":0},"west":{"uv":[8.25,5.5625,8.6875,5.625],"rotation":0,"texture":"#0","tintindex":0},"up":{"uv":[8.25,5.5625,7.5625,5.125],"rotation":0,"texture":"#0","tintindex":0},"down":{"uv":[8.9375,5.125,8.25,5.5625],"rotation":0,"texture":"#0","tintindex":0}}},{"from":[-3.4285717,7.6,5.142857],"to":[4.5714283,9.428572,11.428572],"rotation":{"angle":0.0,"axis":"y","origin":[-8.0,-17.142859,9.142858]},"faces":{"east":{"uv":[0.0,6.125,0.6875,6.3125],"rotation":0,"texture":"#0","tintindex":0},"south":{"uv":[2.25,6.125,3.125,6.3125],"rotation":0,"texture":"#0","tintindex":0},"north":{"uv":[0.6875,6.125,1.5625,6.3125],"rotation":0,"texture":"#0","tintindex":0},"west":{"uv":[1.5625,6.125,2.25,6.3125],"rotation":0,"texture":"#0","tintindex":0},"up":{"uv":[1.5625,6.125,0.6875,5.4375],"rotation":0,"texture":"#0","tintindex":0},"down":{"uv":[2.4375,5.4375,1.5625,6.125],"rotation":0,"texture":"#0","tintindex":0}}},{"from":[2.8571424,7.714286,5.714286],"to":[8.571428,8.857143,10.857143],"rotation":{"angle":0.0,"axis":"y","origin":[8.0,8.0,8.0]},"faces":{"east":{"uv":[7.75,1.8125,8.3125,1.9375],"rotation":0,"texture":"#0","tintindex":0},"south":{"uv":[9.5,1.8125,10.125,1.9375],"rotation":0,"texture":"#0","tintindex":0},"north":{"uv":[8.3125,1.8125,8.9375,1.9375],"rotation":0,"texture":"#0","tintindex":0},"west":{"uv":[8.9375,1.8125,9.5,1.9375],"rotation":0,"texture":"#0","tintindex":0},"up":{"uv":[8.9375,1.8125,8.3125,1.25],"rotation":0,"texture":"#0","tintindex":0},"down":{"uv":[9.5625,1.25,8.9375,1.8125],"rotation":0,"texture":"#0","tintindex":0}}},{"from":[4.5714283,8.857143,7.428571],"to":[8.0,9.428572,9.142858],"rotation":{"angle":0.0,"axis":"y","origin":[8.0,8.0,8.0]},"faces":{"east":{"uv":[5.3125,7.625,5.125,7.6875],"rotation":0,"texture":"#0","tintindex":0},"south":{"uv":[5.6875,7.625,5.3125,7.6875],"rotation":0,"texture":"#0","tintindex":0},"north":{"uv":[5.125,7.625,4.75,7.6875],"rotation":0,"texture":"#0","tintindex":0},"west":{"uv":[4.75,7.625,4.5625,7.6875],"rotation":0,"texture":"#0","tintindex":0},"up":{"uv":[4.75,7.625,5.125,7.4375],"rotation":0,"texture":"#0","tintindex":0},"down":{"uv":[5.125,7.4375,5.5,7.625],"rotation":0,"texture":"#0","tintindex":0}}}],"display":{"head":{"translation":[0.0,-6.4,0.0],"scale":[4.0,4.0,4.0]}}}