{"textures":{"0":"modelengine:entity/reibarro"},"elements":[{"from":[3.4285712,5.714286,4.285714],"to":[12.571428,10.857143,11.714286],"rotation":{"angle":0.0,"axis":"y","origin":[8.0,-4.5714293,8.857143]},"faces":{"east":{"uv":[3.5,5.125,4.3125,5.6875],"rotation":0,"texture":"#0","tintindex":0},"south":{"uv":[6.125,5.125,7.125,5.6875],"rotation":0,"texture":"#0","tintindex":0},"north":{"uv":[4.3125,5.125,5.3125,5.6875],"rotation":0,"texture":"#0","tintindex":0},"west":{"uv":[5.3125,5.125,6.125,5.6875],"rotation":0,"texture":"#0","tintindex":0},"up":{"uv":[5.3125,5.125,4.3125,4.3125],"rotation":0,"texture":"#0","tintindex":0},"down":{"uv":[6.3125,4.3125,5.3125,5.125],"rotation":0,"texture":"#0","tintindex":0}}},{"from":[2.8571424,10.285714,2.4571428],"to":[13.142858,15.428572,12.4],"rotation":{"angle":0.0,"axis":"y","origin":[8.0,-4.5714293,8.857143]},"faces":{"east":{"uv":[3.5625,3.75,4.625,4.3125],"rotation":0,"texture":"#0","tintindex":0},"south":{"uv":[6.8125,3.75,7.9375,4.3125],"rotation":0,"texture":"#0","tintindex":0},"north":{"uv":[4.625,3.75,5.75,4.3125],"rotation":0,"texture":"#0","tintindex":0},"west":{"uv":[5.75,3.75,6.8125,4.3125],"rotation":0,"texture":"#0","tintindex":0},"up":{"uv":[5.75,3.75,4.625,2.6875],"rotation":0,"texture":"#0","tintindex":0},"down":{"uv":[6.875,2.6875,5.75,3.75],"rotation":0,"texture":"#0","tintindex":0}}},{"from":[4.0,9.142858,3.2571425],"to":[12.0,16.57143,11.542857],"rotation":{"angle":0.0,"axis":"y","origin":[8.0,-4.5714293,8.857143]},"faces":{"east":{"uv":[0.0,4.625,0.875,5.4375],"rotation":0,"texture":"#0","tintindex":0},"south":{"uv":[2.625,4.625,3.5,5.4375],"rotation":0,"texture":"#0","tintindex":0},"north":{"uv":[0.875,4.625,1.75,5.4375],"rotation":0,"texture":"#0","tintindex":0},"west":{"uv":[1.75,4.625,2.625,5.4375],"rotation":0,"texture":"#0","tintindex":0},"up":{"uv":[1.75,4.625,0.875,3.75],"rotation":0,"texture":"#0","tintindex":0},"down":{"uv":[2.625,3.75,1.75,4.625],"rotation":0,"texture":"#0","tintindex":0}}}],"display":{"head":{"translation":[0.0,-6.4,0.0],"scale":[4.0,4.0,4.0]}}}