{"textures":{"0":"modelengine:entity/asdads1"},"elements":[{"from":[7.142857,5.714286,7.428571],"to":[8.857143,8.0,8.571428],"rotation":{"angle":0.0,"axis":"y","origin":[8.0,5.714286,8.0]},"faces":{"east":{"uv":[9.333333,6.0,9.666667,8.0],"rotation":0,"texture":"#0","tintindex":0},"south":{"uv":[10.5,6.0,11.0,8.0],"rotation":0,"texture":"#0","tintindex":0},"north":{"uv":[9.666667,6.0,10.166667,8.0],"rotation":0,"texture":"#0","tintindex":0},"west":{"uv":[10.166667,6.0,10.5,8.0],"rotation":0,"texture":"#0","tintindex":0},"up":{"uv":[10.166667,6.0,9.666667,5.0],"rotation":0,"texture":"#0","tintindex":0},"down":{"uv":[10.666667,5.0,10.166667,6.0],"rotation":0,"texture":"#0","tintindex":0}}},{"from":[7.257143,5.2571425,7.542857],"to":[8.742857,7.885714,8.457143],"rotation":{"angle":0.0,"axis":"y","origin":[8.0,5.714286,8.0]},"faces":{"east":{"uv":[9.333333,9.0,9.666667,11.5],"rotation":0,"texture":"#0","tintindex":0},"south":{"uv":[10.5,9.0,11.0,11.5],"rotation":0,"texture":"#0","tintindex":0},"north":{"uv":[9.666667,9.0,10.166667,11.5],"rotation":0,"texture":"#0","tintindex":0},"west":{"uv":[10.166667,9.0,10.5,11.5],"rotation":0,"texture":"#0","tintindex":0},"up":{"uv":[10.166667,9.0,9.666667,8.0],"rotation":0,"texture":"#0","tintindex":0},"down":{"uv":[10.666667,8.0,10.166667,9.0],"rotation":0,"texture":"#0","tintindex":0}}}],"display":{"head":{"translation":[0.0,-6.4,0.0],"scale":[4.0,4.0,4.0]}}}