{"textures":{"0":"modelengine:entity/asdads1"},"elements":[{"from":[5.714286,8.0,6.857143],"to":[10.285714,14.857143,9.142858],"rotation":{"angle":0.0,"axis":"y","origin":[8.0,1.1428566,8.0]},"faces":{"east":{"uv":[2.6666667,10.0,3.3333333,16.0],"rotation":0,"texture":"#0","tintindex":0},"south":{"uv":[5.3333335,10.0,6.6666665,16.0],"rotation":0,"texture":"#0","tintindex":0},"north":{"uv":[3.3333333,10.0,4.6666665,16.0],"rotation":0,"texture":"#0","tintindex":0},"west":{"uv":[4.6666665,10.0,5.3333335,16.0],"rotation":0,"texture":"#0","tintindex":0},"up":{"uv":[4.6666665,10.0,3.3333333,8.0],"rotation":0,"texture":"#0","tintindex":0},"down":{"uv":[6.0,8.0,4.6666665,10.0],"rotation":0,"texture":"#0","tintindex":0}}}],"display":{"head":{"translation":[0.0,-6.4,0.0],"scale":[4.0,4.0,4.0]}}}