{"textures":{"0":"modelengine:entity/asdads1"},"elements":[{"from":[6.857143,2.2857141,6.857143],"to":[9.142858,9.142858,9.142858],"rotation":{"angle":0.0,"axis":"y","origin":[11.428572,-4.5714293,8.0]},"faces":{"east":{"uv":[8.666667,10.0,8.0,16.0],"rotation":0,"texture":"#0","tintindex":0},"south":{"uv":[9.333333,10.0,8.666667,16.0],"rotation":0,"texture":"#0","tintindex":0},"north":{"uv":[8.0,10.0,7.3333335,16.0],"rotation":0,"texture":"#0","tintindex":0},"west":{"uv":[7.3333335,10.0,6.6666665,16.0],"rotation":0,"texture":"#0","tintindex":0},"up":{"uv":[7.3333335,10.0,8.0,8.0],"rotation":0,"texture":"#0","tintindex":0},"down":{"uv":[8.0,8.0,8.666667,10.0],"rotation":0,"texture":"#0","tintindex":0}}}],"display":{"head":{"translation":[0.0,-6.4,0.0],"scale":[4.0,4.0,4.0]}}}