{"textures":{"0":"modelengine:entity/asdads1"},"elements":[{"from":[8.0,5.142857,8.0],"to":[8.0,8.0,12.571428],"rotation":{"angle":0.0,"axis":"y","origin":[7.714286,6.285714,7.428571]},"faces":{"east":{"uv":[12.0,11.0,13.333333,13.5],"rotation":0,"texture":"#0","tintindex":0},"south":{"uv":[14.666667,11.0,14.666667,13.5],"rotation":0,"texture":"#0","tintindex":0},"north":{"uv":[13.333333,11.0,13.333333,13.5],"rotation":0,"texture":"#0","tintindex":0},"west":{"uv":[13.333333,11.0,14.666667,13.5],"rotation":0,"texture":"#0","tintindex":0},"up":{"uv":[13.333333,11.0,13.333333,7.0],"rotation":0,"texture":"#0","tintindex":0},"down":{"uv":[13.333333,7.0,13.333333,11.0],"rotation":0,"texture":"#0","tintindex":0}}}],"display":{"head":{"translation":[0.0,-6.4,0.0],"scale":[4.0,4.0,4.0]}}}